{"Train Time":{"knn":1.6047107577,"logisticregression":10.8329113483,"decisiontreeclassifier":0.2104768753,"svc":6.6742771864,"randomforestclassifier":4.0666843255,"gradientboostingclassifier":115.5667645335},"Train Accuracy":{"knn":0.8289557976,"logisticregression":0.531069827,"decisiontreeclassifier":0.8885329917,"svc":0.4349775785,"randomforestclassifier":0.8885329917,"gradientboostingclassifier":0.8885329917},"Test Accuracy":{"knn":0.7117232543,"logisticregression":0.5381165919,"decisiontreeclassifier":0.7674567585,"svc":0.4407431134,"randomforestclassifier":0.7828315183,"gradientboostingclassifier":0.7789878283}}